name,url,categories,description,source
Lichess,https://lichess.org,"Bermain Online|Puzzle|Belajar|Analisis|Komunitas|Turnamen",Platform catur gratis dan open-source untuk bermain, puzzle, studi, analisis, dan turnamen.,Awesome Chess
Chess.com,https://www.chess.com,"Bermain Online|Puzzle|Belajar|Analisis|Berita|Komunitas|Turnamen",Platform catur lengkap untuk bermain, puzzle, pelajaran, analisis, berita, dan event.,Awesome Chess
Internet Chess Club,https://www.chessclub.com,"Bermain Online|Belajar|Berita",Server catur online veteran dengan permainan dan konten pelatihan.,Awesome Chess
PlayChess,https://play.chessbase.com,"Bermain Online|Analisis|Turnamen",Server permainan ChessBase untuk bermain dan mengikuti aktivitas catur.,Awesome Chess
Free Internet Chess Server,https://www.freechess.org,"Bermain Online|Komunitas",Server catur internet gratis yang dikelola komunitas.,Awesome Chess
Free Chess Club,https://freechess.club,"Bermain Online|Komunitas",Klien web modern untuk bermain melalui jaringan FICS.,Awesome Chess
GameKnot,https://gameknot.com,"Bermain Online|Turnamen|Komunitas",Platform permainan korespondensi dengan tim dan turnamen tematik.,Awesome Chess
SparkChess,https://www.sparkchess.com,"Bermain Online|Bot / AI|Belajar",Platform bermain melawan komputer dan pemain lain dengan karakter AI.,Awesome Chess
Lichess4545,https://www.lichess4545.com,"Bermain Online|Turnamen|Komunitas",Liga catur klasik berbasis Lichess dengan kontrol waktu panjang.,Awesome Chess
Chess24,https://chess24.com,"Bermain Online|Video|Berita",Portal catur yang menyediakan permainan, video, dan liputan event; bagian dari ekosistem Chess.com.,UrlDora
PlayStrategy,https://playstrategy.org,"Bermain Online|Komunitas",Server open-source untuk catur dan berbagai permainan strategi/varian.,UrlDora
MultiplayerChess,https://multiplayerchess.com,"Bermain Online|Komunitas",Situs sederhana untuk membuat ruang permainan catur online bersama teman.,UrlDora
FIDE Online Arena,https://chessarena.com,"Bermain Online|Turnamen",Platform permainan online resmi berlisensi FIDE.,Awesome Chess mirror
ChessMail,https://www.chessmail.com,"Bermain Online|Komunitas",Platform catur korespondensi dengan permainan berbasis waktu panjang.,Curated
Red Hot Pawn,https://www.redhotpawn.com,"Bermain Online|Turnamen|Komunitas",Situs catur korespondensi dengan liga, turnamen, dan komunitas.,Curated
Daily Chess,https://www.dailychess.com,"Bermain Online|Turnamen|Komunitas",Layanan catur korespondensi untuk permainan santai dan kompetitif.,Curated
ChessWorld,https://www.chessworld.net,"Bermain Online|Komunitas|Turnamen",Komunitas catur online dengan permainan korespondensi dan pertandingan tim.,Awesome Chess
SchemingMind,https://www.schemingmind.com,"Bermain Online|Turnamen|Komunitas",Klub catur korespondensi dengan turnamen dan pertandingan tematik.,Awesome Chess
BrainKing,https://brainking.com,"Bermain Online|Komunitas",Platform permainan papan online yang mencakup catur dan varian.,Curated
PlayOK,https://www.playok.com,"Bermain Online|Komunitas",Platform permainan papan online yang menyediakan catur dan berbagai permainan lainnya.,Curated
Kurnik Chess,https://www.kurnik.pl/szachy/,"Bermain Online|Komunitas",Ruang permainan catur online dari platform permainan Kurnik.,Awesome Chess
Caissa,https://www.caissa.com,"Bermain Online|Komunitas",Situs catur online bersejarah untuk bermain dan komunitas.,Curated
ChessFriends,https://www.chessfriends.com,"Bermain Online|Komunitas",Platform permainan catur online dengan pemain manusia dan fitur komunitas.,Curated
Pychess,https://www.pychess.org,"Bermain Online|Bot / AI|Puzzle|Bermain Online|Varian",Server open-source dengan banyak varian, engine, puzzle, dan fitur belajar.,Awesome Chess
The Chess Variant Pages,https://www.chessvariants.com,"Belajar|Komunitas|Tools",Ensiklopedia aturan dan varian permainan catur.,Awesome Chess
Bughouse Database,https://www.bughouse-db.org,"Database|Varian",Arsip permainan bughouse dari server FICS.,Awesome Chess
ChessTempo,https://chesstempo.com,"Puzzle|Belajar|Database|Analisis",Platform latihan taktik, pembukaan, endgame, database, dan analisis permainan.,Awesome Chess
ChessPuzzle.net,https://chesspuzzle.net,"Puzzle|Belajar",Platform puzzle bertema dengan kursus dan jalur latihan.,Awesome Chess
Listudy,https://listudy.org,"Puzzle|Belajar",Trainer spaced-repetition untuk opening, taktik, dan blindfold chess.,Awesome Chess
BlitzTactics,https://blitztactics.com,"Puzzle|Belajar",Latihan taktik cepat dengan batas waktu.,Awesome Chess
Aimchess,https://www.aimchess.com,"Analisis|Belajar|Bot / AI",Menganalisis permainan pengguna dan menghasilkan latihan yang dipersonalisasi.,Awesome Chess
WTHarvey,https://wtharvey.com,"Puzzle|Belajar",Arsip puzzle taktik dari permainan master dan koleksi klasik.,Awesome Chess
ChessTactics.org,https://www.chesstactics.org,"Puzzle|Belajar",Latihan taktik dan kursus berdasarkan motif permainan.,Awesome Chess
Chessly,https://www.chessly.com,"Belajar|Puzzle",Platform kursus dan latihan catur yang berfokus pada opening dan improvement.,Awesome Chess
Chessbook,https://chessbook.com,"Belajar|Tools|Analisis",Pembuat repertoar dengan pengulangan berkala dan integrasi review.,Awesome Chess
ChessReps,https://www.chessreps.com,"Belajar|Tools",Trainer repertoar opening berbasis spaced repetition.,Awesome Chess
OpeningTree,https://www.openingtree.com,"Analisis|Database|Tools",Membuat pohon opening dari permainan Chess.com atau Lichess milik pengguna.,Awesome Chess
Opening Scanner,https://openingscanner.com,"Analisis|Database|Tools",Menganalisis repertoar opening pemain berdasarkan game yang tersedia.,Awesome Chess
Dark Squares,https://darksquares.net,"Belajar|Puzzle",Trainer blindfold chess bertingkat dari dasar sampai permainan penuh.,Awesome Chess
ChessDriller,https://chessdriller.org,"Belajar|Puzzle|Tools",Trainer opening berbasis spaced repetition dengan kode open-source.,Awesome Chess
Disco Chess,https://www.discochess.com,"Puzzle|Belajar|Analisis",Trainer metode Woodpecker untuk taktik, opening, dan permainan sendiri.,Awesome Chess
Chessbuddy,https://chessbuddy.app,"Puzzle|Belajar",Trainer taktik adaptif dengan pengaturan tema dan sesi latihan.,Awesome Chess
ChessFactor,https://www.chessfactor.com,"Belajar|Video",Platform pembelajaran catur berbasis video dan kursus.,Curated
Chessable,https://www.chessable.com,"Belajar|Puzzle|Tools",Platform belajar dengan metode MoveTrainer dan kursus catur.,Awesome Chess
ChessMood,https://chessmood.com,"Belajar|Video|Komunitas",Perpustakaan kursus catur dan jalur belajar oleh grandmaster dan pelatih.,Awesome Chess
Killer Chess Training,https://killerchesstraining.com,"Belajar|Video",Platform pelatihan dengan sesi dan kursus dari pelatih catur.,Awesome Chess
ChessDojo,https://www.chessdojo.club,"Belajar|Komunitas|Video",Program latihan terstruktur berbasis rating dengan konten dan komunitas.,Awesome Chess
Chessiverse,https://chessiverse.com,"Bot / AI|Belajar",Platform latihan dengan bot berkarakter dan tingkat permainan yang beragam.,Awesome Chess
Noctie,https://noctie.ai,"Bot / AI|Belajar",Partner latihan catur berbasis AI dengan gaya permainan seperti manusia.,Awesome Chess
Steps Method,https://www.stappenmethode.nl/en/,"Belajar|Buku / Materi",Kurikulum pembelajaran catur bertahap yang digunakan dalam pendidikan anak.,Awesome Chess
Winning Moves,https://winning-moves.com,"Belajar|Buku / Materi",Penerbit dan sumber produk pendidikan catur untuk pemula dan anak.,Awesome Chess
Dan Heisman Chess,https://www.danheisman.com,"Belajar|Buku / Materi",Situs pembelajaran dan tulisan pengembangan catur dari Dan Heisman.,Awesome Chess
ChessCoachOnline,https://chesscoachonline.com,"Belajar|Komunitas",Layanan pelatihan catur online untuk anak dan dewasa.,Awesome Chess
Quality Chess,https://www.qualitychess.co.uk,"Buku / Materi|Belajar",Penerbit buku catur dan materi repertoar tingkat lanjut.,UrlDora
Everyman Chess,https://www.everymanchess.com,"Buku / Materi|Belajar",Penerbit buku catur untuk berbagai tingkat pemain.,UrlDora
New In Chess,https://www.newinchess.com,"Buku / Materi|Berita|Belajar",Penerbit buku dan majalah catur internasional.,Awesome Chess
Russell Enterprises,https://russell-enterprises.com,"Buku / Materi",Penerbit buku dan referensi catur.,UrlDora
Thinkers Publishing,https://thinkerspublishing.com,"Buku / Materi|Belajar",Penerbit buku repertoar dan pelatihan catur modern.,UrlDora
Dover Publications Chess,https://store.doverpublications.com,"Buku / Materi",Toko penerbitan yang menyediakan edisi klasik catur dan materi terkait.,UrlDora
Modern Chess,https://www.modern-chess.com,"Belajar|Buku / Materi|Video",Platform majalah dan materi latihan catur modern.,UrlDora
ChessPublishing,https://www.chesspublishing.com,"Belajar|Berita|Buku / Materi",Layanan survei opening dan publikasi teori catur.,UrlDora
Forward Chess,https://forwardchess.com,"Buku / Materi|Belajar",Platform buku catur digital dengan papan interaktif.,Curated
The Chess Website,https://www.thechesswebsite.com,"Belajar|Video",Situs pelajaran catur online dengan video dan artikel.,Curated
Chesscademy,https://www.chesscademy.com,"Belajar|Puzzle",Platform latihan catur dengan puzzle dan tutorial.,Awesome Chess old-list
Chess Checkup,https://www.chesscheckup.com,"Analisis|Belajar|Tools",Layanan yang memberi laporan area improvement dari permainan pengguna.,SetupChess
Chess Coordinates,https://www.chesscoordinates.com,"Belajar|Puzzle",Trainer pengenalan koordinat kotak papan catur.,SetupChess

Chessify,https://chessify.me,"Analisis|Bot / AI|Tools",Layanan cloud engine untuk analisis dengan Stockfish dan Lc0.,Awesome Chess
DecodeChess,https://decodechess.com,"Analisis|Bot / AI|Belajar",Menjelaskan rekomendasi engine dalam bahasa yang lebih mudah dipahami.,Awesome Chess
NextChessMove,https://nextchessmove.com,"Analisis|Tools",Kalkulator best move berbasis Stockfish dari posisi catur.,Awesome Chess
ChessMonitor,https://www.chessmonitor.com,"Analisis|Database|Tools",Dashboard yang menggabungkan permainan dan statistik catur dari beberapa sumber.,Awesome Chess
Chessigma,https://www.chessigma.com,"Analisis|Bot / AI",Layanan review permainan dengan Stockfish berbasis browser.,Awesome Chess
Chessvision.ai,https://chessvision.ai,"Analisis|Tools|Bot / AI",Mendeteksi posisi catur dari gambar, PDF, dan video menggunakan pengenalan diagram.,Awesome Chess
Syzygy Tablebases,https://syzygy-tables.info,"Analisis|Tools|Database",Layanan tablebase untuk posisi endgame sampai tujuh bidak.,Awesome Chess
ChessDB,https://chessdb.cn/cdb.php,"Analisis|Bot / AI|Database",Database langkah engine yang dapat digunakan untuk mencari rekomendasi dari posisi catur.,Curated
Lichess Opening Database,https://lichess.org/analysis,"Analisis|Database",Papan analisis Lichess dengan opening explorer dan data game.,Awesome Chess
Chess.com Analysis,https://www.chess.com/analysis,"Analisis|Bot / AI",Papan analisis dan laporan permainan dari Chess.com.,Awesome Chess
ChessBase Reader,https://en.chessbase.com/pages/download,"Database|Analisis|Tools",Pembaca gratis untuk file ChessBase dan PGN.,Awesome Chess
Apronus Chess Tools,https://www.apronus.com/chess/diagram/editor/,"Tools|Analisis",Editor diagram catur berbasis browser dengan ekspor gambar.,Awesome Chess
Chess Diagram Generator,https://www.chessvideos.tv/chess-diagram-generator.php,"Tools",Generator diagram catur yang mendukung posisi FEN dan ekspor gambar.,Awesome Chess
FEN Tool,https://mutsuntsai.github.io/fen-tool/,"Tools|Analisis",Utilitas FEN ringan untuk membuat dan memeriksa posisi catur.,Awesome Chess
Chessboard.js,https://chessboardjs.com,"Tools",Komponen papan catur JavaScript untuk aplikasi web.,UrlDora
Chessground,https://github.com/lichess-org/chessground,"Tools",Komponen UI papan catur yang digunakan Lichess.,Awesome Chess
React Chessboard,https://www.npmjs.com/package/react-chessboard,"Tools",Komponen React untuk menampilkan papan catur interaktif.,UrlDora
Python-chess docs,https://python-chess.readthedocs.io,"Tools|Buku / Materi",Dokumentasi library Python untuk aturan, PGN, FEN, engine, dan tablebase.,UrlDora
Chess.js,https://github.com/jhlywa/chess.js,"Tools",Library JavaScript untuk validasi langkah dan pemrosesan PGN/FEN.,Awesome Chess
Chessops,https://github.com/niklasf/chessops,"Tools",Library TypeScript untuk aturan catur, parsing PGN/FEN, dan varian.,Awesome Chess
CQL Chess Query Language,https://www.gadycosteff.com/cql/README.html,"Tools|Database",Bahasa kueri untuk mencari pola posisi dan langkah pada koleksi PGN.,UrlDora
PGN Mentor,https://www.pgnmentor.com,"Database|Buku / Materi",Kumpulan file PGN berdasarkan pemain, opening, dan event.,Awesome Chess
Caissabase,https://caissabase.co.uk,"Database",Database permainan catur besar yang dapat diunduh untuk penelitian dan analisis.,Awesome Chess
FICS Games Database,https://www.ficsgames.org,"Database",Arsip permainan yang dimainkan di Free Internet Chess Server.,Awesome Chess
Lichess Open Database,https://database.lichess.org,"Database|Tools",Kumpulan bulanan game Lichess dalam format data terbuka.,Awesome Chess
Lichess Puzzle Database,https://database.lichess.org/#puzzles,"Database|Puzzle",Kumpulan data puzzle Lichess untuk riset dan pengembangan aplikasi.,Awesome Chess
Lichess Evaluation Database,https://database.lichess.org/#evals,"Database|Analisis",Data evaluasi cloud Stockfish dari banyak posisi Lichess.,Awesome Chess
Lichess Elite Database,https://database.nikonoel.fr,"Database",Subset game Lichess dari pemain berperingkat tinggi.,Awesome Chess
BeginChess PGN Downloads,https://beginchess.com/downloads/,"Database|Buku / Materi",Kumpulan PGN permainan klasik dan koleksi game untuk diunduh.,Awesome Chess
Lumbras Gigabase,https://lumbrasgigabase.com/en,"Database",Database game catur besar untuk referensi dan analisis.,Awesome Chess
Chessgames.com,https://www.chessgames.com,"Database|Komunitas|Buku / Materi",Database game klasik dengan komentar dan diskusi komunitas.,Awesome Chess
365Chess,https://www.365chess.com,"Database|Analisis",Database permainan dengan opening explorer dan statistik pemain.,Awesome Chess
ChessBase Online Database,https://database.chessbase.com,"Database|Analisis",Database online ChessBase untuk mencari dan meninjau permainan.,Awesome Chess
ChessTempo Game Database,https://chesstempo.com/game-database,"Database|Analisis",Database game dengan opening explorer dan pohon repertoar.,Awesome Chess
ChessBase,https://www.chessbase.com,"Database|Analisis|Berita|Tools",Ekosistem perangkat lunak, database, berita, dan analisis catur profesional.,Awesome Chess
The Week in Chess,https://theweekinchess.com,"Berita|Database|Turnamen",Situs berita mingguan dengan arsip PGN dan laporan turnamen.,Awesome Chess
Chessdom,https://www.chessdom.com,"Berita|Turnamen",Media catur independen dengan berita dan liputan event.,Awesome Chess
ChessBase India,https://www.chessbase.in,"Berita|Video|Turnamen",Media catur India dengan berita, wawancara, dan liputan turnamen.,Awesome Chess
Chess Life,https://new.uschess.org/news,"Berita|Turnamen",Berita resmi US Chess tentang turnamen dan perkembangan catur.,Awesome Chess
British Chess Magazine,https://britishchessmagazine.co.uk,"Berita|Buku / Materi",Majalah catur Inggris dengan berita dan artikel catur.,Awesome Chess
American Chess Magazine,https://acmchess.com,"Berita|Buku / Materi",Majalah catur dengan artikel dan liputan permainan.,Awesome Chess
Kingpin Chess Magazine,https://www.kingpinchess.net,"Berita|Buku / Materi",Majalah catur dengan artikel dan tulisan editorial.,Awesome Chess
ChessTech News,https://www.chesstech.org,"Berita|Tools",Newsletter yang membahas catur dan teknologi.,Awesome Chess
ChessGoals,https://chessgoals.com,"Belajar|Analisis|Berita",Situs improvement dengan benchmark rating dan analisis latihan.,Awesome Chess
Next Level Chess,https://nextlevelchess.com,"Belajar|Buku / Materi",Artikel dan newsletter pengembangan catur dari Noël Studer.,Awesome Chess
Lichess Blog,https://lichess.org/blog,"Berita|Tools",Blog resmi Lichess tentang pembaruan platform dan pengembangan open-source.,Awesome Chess
Chessable Blog,https://www.chessable.com/blog,"Berita|Belajar",Artikel dan berita pembelajaran dari Chessable.,Awesome Chess
Perpetual Chess Podcast,https://www.perpetualchesspod.com,"Video|Berita|Komunitas",Podcast wawancara dengan pemain, pelatih, dan penulis catur.,Awesome Chess
C-Squared Podcast,https://c2pod.com,"Video|Berita",Podcast tentang berita catur elite dan pembicaraan pemain top.,Awesome Chess
Chess Journeys,https://chess-journeys.com,"Video|Belajar",Podcast tentang perjalanan improvement pemain catur dewasa.,Awesome Chess
Chess in Education,https://chessineducation.org,"Belajar|Buku / Materi",Portal sumber daya pendidikan catur dan konferensi scholastic.,Awesome Chess
National Scholastic Chess Foundation,https://nscfchess.org,"Belajar|Turnamen|Komunitas",Organisasi nirlaba yang menyediakan pendidikan dan turnamen catur bagi siswa.,Awesome Chess
Chess in the Schools,https://chessintheschools.org,"Belajar|Komunitas",Program pendidikan catur untuk siswa sekolah.,Awesome Chess
Worldchess,https://worldchess.com,"Turnamen|Bermain Online|Berita",Platform siaran dan aktivitas event catur internasional.,Awesome Chess
Grand Chess Tour,https://grandchesstour.org,"Turnamen|Berita",Sirkuit turnamen elite internasional.,Awesome Chess
Tata Steel Chess,https://tatasteelchess.com,"Turnamen|Berita",Situs turnamen tahunan Tata Steel Chess di Wijk aan Zee.,Awesome Chess
Norway Chess,https://norwaychess.no,"Turnamen|Berita",Situs turnamen Norway Chess di Stavanger.,Awesome Chess
Chess-results.com,https://chess-results.com,"Turnamen|Database",Server hasil turnamen untuk pairing, standing, dan hasil pertandingan.,Awesome Chess
TCEC,https://tcec-chess.com,"Turnamen|Bot / AI",Kejuaraan engine catur dengan pertandingan engine jangka panjang.,Awesome Chess
Freestyle Chess,https://www.freestyle-chess.com,"Turnamen|Berita|Varian",Situs sirkuit pertandingan catur dengan format Fischer Random/Chess960.,Awesome Chess
Chess.com Events,https://www.chess.com/events,"Turnamen|Berita",Hub event dan kompetisi Chess.com.,Awesome Chess
Swiss-Manager,https://swiss-manager.at,"Tools|Turnamen",Perangkat pairing turnamen Swiss dan pengelolaan hasil.,Awesome Chess
SwissSys,https://www.chessroster.com/swisssys,"Tools|Turnamen",Perangkat lunak manajemen turnamen untuk sistem Swiss dan round-robin.,Awesome Chess
Vega Chess,https://www.vegachess.com,"Tools|Turnamen",Perangkat pairing dan manajemen turnamen lintas platform.,Awesome Chess
Tornelo,https://home.tornelo.com,"Tools|Turnamen|Bermain Online",Platform turnamen online dengan pairing, arbiter, dan siaran.,Awesome Chess
ICCF,https://www.iccf.com,"Turnamen|Bermain Online",Federasi catur korespondensi internasional dan server resminya.,Awesome Chess
LSS Chess Server,https://lss.chess-server.net/en/,"Bermain Online|Turnamen|Komunitas",Server catur korespondensi dengan kontrol waktu klasik dan event tematik.,Awesome Chess
FIDE,https://www.fide.com,"Turnamen|Berita|Database|Buku / Materi",Federasi catur internasional dengan rating, kalender, aturan, dan berita.,Awesome Chess
FIDE Ratings,https://ratings.fide.com,"Database|Turnamen",Database resmi rating pemain dan federasi FIDE.,Awesome Chess
European Chess Union,https://www.europechess.org,"Turnamen|Berita|Komunitas",Organisasi catur Eropa dengan event, berita, dan kejuaraan.,Awesome Chess
US Chess,https://new.uschess.org,"Turnamen|Berita|Komunitas",Federasi catur Amerika Serikat dengan berita, kejuaraan, dan informasi anggota.,Awesome Chess
Chess Federation of Canada,https://chess.ca,"Turnamen|Berita|Komunitas",Federasi catur Kanada dengan klub, turnamen, dan sumber daya.,Awesome Chess
English Chess Federation,https://www.englishchess.org.uk,"Turnamen|Berita|Komunitas",Federasi catur Inggris dengan kompetisi, berita, dan layanan federasi.,Awesome Chess
Deutscher Schachbund,https://www.schachbund.de,"Turnamen|Berita|Komunitas",Federasi catur Jerman dengan event nasional dan informasi anggota.,Awesome Chess
Fédération Française des Échecs,https://www.echecs.asso.fr,"Turnamen|Berita|Komunitas",Federasi catur Prancis dengan kompetisi dan informasi resmi.,Awesome Chess
Polish Chess Federation,https://pzszach.pl,"Turnamen|Berita|Komunitas",Federasi catur Polandia dengan kalender dan informasi kompetisi.,Curated
Italian Chess Federation,https://www.federscacchi.it,"Turnamen|Berita|Komunitas",Federasi catur Italia dengan turnamen dan informasi federasi.,Curated
Royal Dutch Chess Federation,https://www.schaakbond.nl,"Turnamen|Berita|Komunitas",Federasi catur Belanda dengan kompetisi dan pembaruan nasional.,Curated
Norwegian Chess Federation,https://www.sjakk.no,"Turnamen|Berita|Komunitas",Federasi catur Norwegia dengan turnamen dan berita.,Curated
Swedish Chess Federation,https://schack.se,"Turnamen|Berita|Komunitas",Federasi catur Swedia dengan event dan berita nasional.,Curated
Finnish Chess Federation,https://www.shakki.net,"Turnamen|Berita|Komunitas",Federasi catur Finlandia dengan kompetisi dan informasi pemain.,Curated
Spanish Chess Federation,https://feda.org,"Turnamen|Berita|Komunitas",Federasi catur Spanyol dengan turnamen dan informasi resmi.,Curated
Portuguese Chess Federation,https://fpx.pt,"Turnamen|Berita|Komunitas",Federasi catur Portugal dengan kompetisi dan berita.,Curated
Czech Chess Federation,https://www.chess.cz,"Turnamen|Berita|Komunitas",Federasi catur Republik Ceko dengan turnamen dan berita.,Curated
Slovak Chess Federation,https://sachy.sk,"Turnamen|Berita|Komunitas",Federasi catur Slovakia dengan berita dan kompetisi.,Curated
Croatian Chess Federation,https://sah.hr,"Turnamen|Berita|Komunitas",Federasi catur Kroasia dengan turnamen dan berita.,Curated
Slovenian Chess Federation,https://www.sah-zveza.si,"Turnamen|Berita|Komunitas",Federasi catur Slovenia dengan event dan informasi pemain.,Curated
Hungarian Chess Federation,https://chess.hu,"Turnamen|Berita|Komunitas",Federasi catur Hungaria dengan turnamen dan berita.,Curated
Romanian Chess Federation,https://frchess.ro,"Turnamen|Berita|Komunitas",Federasi catur Rumania dengan kompetisi dan informasi anggota.,Curated
Bulgarian Chess Federation,https://www.chess.bg,"Turnamen|Berita|Komunitas",Federasi catur Bulgaria dengan berita dan turnamen.,Curated
Estonian Chess Federation,https://maleliit.ee,"Turnamen|Berita|Komunitas",Federasi catur Estonia dengan kompetisi dan berita.,Curated
Latvian Chess Federation,https://sahafederacija.lv,"Turnamen|Berita|Komunitas",Federasi catur Latvia dengan turnamen dan informasi resmi.,Curated
Lithuanian Chess Federation,https://chessfed.lt,"Turnamen|Berita|Komunitas",Federasi catur Lituania dengan event dan berita.,Curated
Serbian Chess Federation,https://sahsrbija.rs,"Turnamen|Berita|Komunitas",Federasi catur Serbia dengan turnamen dan informasi nasional.,Curated
Georgian Chess Federation,https://gcf.org.ge,"Turnamen|Berita|Komunitas",Federasi catur Georgia dengan kompetisi dan berita.,Curated
Armenian Chess Federation,https://www.chessfed.am,"Turnamen|Berita|Komunitas",Federasi catur Armenia dengan event dan informasi pemain.,Curated
Azerbaijan Chess Federation,https://azerichess.az,"Turnamen|Berita|Komunitas",Federasi catur Azerbaijan dengan turnamen dan berita nasional.,Curated
Kazakhstan Chess Federation,https://kazchess.kz,"Turnamen|Berita|Komunitas",Federasi catur Kazakhstan dengan event dan berita.,Curated
Uzbekistan Chess Federation,https://uzchess.uz,"Turnamen|Berita|Komunitas",Federasi catur Uzbekistan dengan turnamen dan berita nasional.,Curated
Chinese Chess Association,https://www.cca.net.cn,"Turnamen|Berita|Komunitas",Organisasi catur nasional China dan informasi kompetisi.,Curated
Japan Chess Association,https://jca-chess.com,"Turnamen|Komunitas|Belajar",Organisasi catur Jepang dengan informasi turnamen dan kegiatan nasional.,Curated
Korea Chess Federation,https://www.kchess.or.kr,"Turnamen|Komunitas|Belajar",Federasi catur Korea dengan kegiatan dan informasi kompetisi.,Curated
All India Chess Federation,https://aicf.in,"Turnamen|Berita|Komunitas",Federasi catur India dengan turnamen, regulasi, dan berita.,Awesome Chess
Singapore Chess Federation,https://www.singaporechess.org.sg,"Turnamen|Berita|Komunitas",Federasi catur Singapura dengan event dan informasi nasional.,Curated
Malaysia Chess Federation,https://malaysiachess.org,"Turnamen|Komunitas",Organisasi catur Malaysia dengan kompetisi dan kegiatan nasional.,Curated
Philippine chess federation,https://www.ncfp.ph,"Turnamen|Berita|Komunitas",Organisasi catur Filipina dengan turnamen dan kegiatan nasional.,Curated
Vietnam Chess Federation,https://vietnamchess.vn,"Turnamen|Berita|Komunitas",Organisasi catur Vietnam dengan berita dan kompetisi nasional.,Curated
Thailand Chess Association,https://thaichess.com,"Turnamen|Komunitas",Organisasi catur Thailand dengan kompetisi dan komunitas.,Curated
Sri Lanka Chess Federation,https://chessfed.lk,"Turnamen|Komunitas",Federasi catur Sri Lanka dengan event dan kegiatan nasional.,Curated
Pakistan Chess Federation,https://pcfchess.org,"Turnamen|Komunitas",Organisasi catur Pakistan dengan kejuaraan dan informasi federasi.,Curated
Israel Chess Federation,https://www.chess.org.il,"Turnamen|Berita|Komunitas",Federasi catur Israel dengan turnamen dan berita nasional.,Curated
Turkish Chess Federation,https://www.tsf.org.tr,"Turnamen|Berita|Komunitas",Federasi catur Turki dengan event, rating, dan berita.,Curated
UAE Chess Federation,https://uaechess.ae,"Turnamen|Komunitas",Federasi catur Uni Emirat Arab dengan kompetisi dan informasi resmi.,Curated
Qatar Chess Association,https://www.qatarchess.com,"Turnamen|Komunitas",Asosiasi catur Qatar dengan event dan kegiatan nasional.,Curated
Jordan Chess Federation,https://jordanchess.com,"Turnamen|Komunitas",Organisasi catur Yordania dengan turnamen dan komunitas.,Curated
Australian Chess Federation,https://www.australianchess.com.au,"Turnamen|Berita|Komunitas",Federasi catur Australia dengan event dan informasi nasional.,Curated
New Zealand Chess Federation,https://newzealandchess.co.nz,"Turnamen|Berita|Komunitas",Federasi catur Selandia Baru dengan kompetisi dan berita.,Curated
Percasi,https://percasi.or.id,"Turnamen|Berita|Komunitas",Persatuan catur Indonesia dengan informasi kejuaraan dan kegiatan federasi.,Curated
Chess South Africa,https://chessa.co.za,"Turnamen|Berita|Komunitas",Federasi catur Afrika Selatan dengan turnamen dan program nasional.,Curated
Chess Kenya,https://chesskenya.co.ke,"Turnamen|Komunitas|Belajar",Federasi dan ekosistem catur Kenya dengan program sekolah dan turnamen.,Curated
Uganda Chess Federation,https://ugandachessfederation.com,"Turnamen|Komunitas|Belajar",Federasi catur Uganda dengan kompetisi dan program pengembangan.,Curated
Egyptian Chess Federation,https://egyptchess.org,"Turnamen|Berita|Komunitas",Federasi catur Mesir dengan event dan kegiatan nasional.,Curated

Stockfish,https://stockfishchess.org,"Bot / AI|Tools",Mesin catur open-source Stockfish untuk analisis dan pengujian.,UrlDora
Leela Chess Zero,https://lczero.org,"Bot / AI|Tools",Mesin neural-network open-source yang terinspirasi AlphaZero.,UrlDora
Arasan,https://www.arasanchess.org,"Bot / AI|Tools",Mesin catur open-source dan utilitas terkait.,UrlDora
Komodo Chess,https://komodochess.com,"Bot / AI|Tools",Mesin catur komersial untuk analisis dan permainan melawan komputer.,Awesome Chess
HIARCS,https://www.hiarcs.com,"Bot / AI|Tools",Mesin catur dan perangkat analisis dengan fokus permainan positional.,Awesome Chess
Fritz Chess,https://www.fritzchess.com,"Bot / AI|Tools|Belajar",Produk engine dan analisis catur dari keluarga ChessBase.,Awesome Chess
GNU Chess,https://www.gnu.org/software/chess/,"Bot / AI|Tools",Mesin catur klasik open-source dari GNU Project.,Awesome Chess
Fairy-Stockfish,https://github.com/fairy-stockfish/Fairy-Stockfish,"Bot / AI|Varian|Tools",Fork Stockfish yang mendukung banyak varian catur.,Awesome Chess
Berserk Chess Engine,https://github.com/jhonnold/berserk,"Bot / AI|Tools",Mesin UCI open-source untuk analisis dan pertandingan engine.,Awesome Chess
Caissa Chess Engine,https://github.com/Witek902/Caissa,"Bot / AI|Tools",Mesin NNUE open-source untuk analisis engine.,Awesome Chess
Viridithas,https://github.com/cosmobobak/viridithas,"Bot / AI|Tools",Mesin catur Rust dengan NNUE untuk analisis.,Awesome Chess
Stormphrax,https://github.com/Ciekce/Stormphrax,"Bot / AI|Tools",Mesin NNUE C++ untuk catur standar dan Chess960.,Awesome Chess
Alexandria Chess Engine,https://github.com/PGG106/Alexandria,"Bot / AI|Tools",Mesin catur open-source untuk pencarian dan evaluasi posisi.,Awesome Chess
RubiChess,https://github.com/Matthies/RubiChess,"Bot / AI|Tools",Mesin UCI open-source dengan NNUE dan dukungan pengujian engine.,Awesome Chess
Seer,https://github.com/connormcmonigle/seer-nnue,"Bot / AI|Tools",Mesin NNUE eksperimental untuk analisis posisi.,Awesome Chess
Koivisto,https://github.com/Luecx/Koivisto,"Bot / AI|Tools",Mesin NNUE open-source untuk pertandingan dan analisis.,Awesome Chess
Ethereal,https://github.com/AndyGrant/Ethereal,"Bot / AI|Tools",Mesin catur open-source dengan fokus pencarian dan NNUE.,Awesome Chess
Igel,https://github.com/vshcherbyna/igel,"Bot / AI|Tools",Mesin UCI dengan dukungan NNUE.,Awesome Chess
Minic,https://github.com/tryingsomestuff/Minic,"Bot / AI|Tools",Mesin catur C++ ringan dengan UCI.,Awesome Chess
Sunfish,https://github.com/thomasahle/sunfish,"Bot / AI|Belajar",Mesin Python kecil yang sering digunakan sebagai contoh implementasi catur.,Awesome Chess
Dragon by Komodo,https://komodochess.com,"Bot / AI|Tools",Mesin komersial untuk permainan dan analisis catur.,Awesome Chess
Maia Chess,https://www.maiachess.com,"Bot / AI|Belajar",Model catur neural yang meniru gaya manusia pada berbagai tingkat.,Awesome Chess
TCEC,https://tcec-chess.com,"Turnamen|Bot / AI",Kejuaraan engine catur dengan pertandingan antar engine.,Awesome Chess
CCRL,https://computerchess.org.uk,"Bot / AI|Database",Daftar rating engine berbasis pengujian komputer catur.,Awesome Chess
CEGT,https://www.cegt.net,"Bot / AI|Database",Rating list dan turnamen pengujian chess engine.,Awesome Chess
SPCC,https://www.sp-cc.de,"Bot / AI|Database",Daftar rating engine komputer yang diperbarui melalui pengujian.,Awesome Chess
OpenBench,https://github.com/AndyGrant/OpenBench,"Bot / AI|Tools",Framework pengujian SPRT terdistribusi untuk engine catur.,Awesome Chess
Fishtest,https://github.com/official-stockfish/fishtest,"Bot / AI|Tools",Sistem pengujian terdistribusi yang digunakan dalam pengembangan Stockfish.,Awesome Chess
En Croissant,https://encroissant.org,"Analisis|Database|Tools",Aplikasi analisis open-source dengan database, engine, dan opening explorer.,Awesome Chess
BanksiaGUI,https://banksiagui.com,"Analisis|Turnamen|Tools",GUI lintas platform untuk analisis engine dan turnamen.,Awesome Chess
Scid vs PC,https://scidvspc.sourceforge.net,"Database|Analisis|Tools",GUI database dan analisis PGN open-source.,Awesome Chess
ChessX,https://chessx.sourceforge.io,"Database|Analisis|Tools",Aplikasi lintas platform untuk database PGN dan analisis.,Awesome Chess
Arena Chess GUI,https://www.playwitharena.de,"Analisis|Turnamen|Tools",GUI gratis untuk engine UCI dan WinBoard.,Awesome Chess
XBoard,https://www.gnu.org/software/xboard/,"Analisis|Tools",GUI chess dari GNU Project untuk mengoperasikan engine.,Awesome Chess
Cute Chess,https://github.com/cutechess/cutechess,"Analisis|Turnamen|Tools",GUI dan pengelola pertandingan engine lintas platform.,Awesome Chess
Lucas Chess,https://lucaschess.pythonanywhere.com,"Belajar|Bot / AI|Tools",Program latihan dengan banyak engine, tutor, dan latihan taktik.,Awesome Chess
Nibbler,https://github.com/rooklift/nibbler,"Analisis|Bot / AI|Tools",GUI analisis berbasis Electron yang berfokus pada Leela Chess Zero.,Awesome Chess

Chess Programming Wiki,https://www.chessprogramming.org,"Tools|Buku / Materi",Referensi komunitas tentang algoritme dan pemrograman engine catur.,Awesome Chess
Chess Stack Exchange,https://chess.stackexchange.com,"Komunitas|Buku / Materi",Situs tanya jawab untuk teori, aturan, komposisi, dan pemrograman catur.,Awesome Chess
TalkChess,https://talkchess.com,"Komunitas|Bot / AI",Forum diskusi pengembangan engine dan computer chess.,Awesome Chess
ChessPub,https://www.chesspub.com,"Komunitas|Belajar|Buku / Materi",Forum dan komunitas yang berfokus pada teori opening.,Awesome Chess
ChessBase India Twitch,https://www.twitch.tv/chessbaseindia,"Video|Berita",Saluran streaming ChessBase India untuk event dan program catur.,Awesome Chess
Perpetual Chess Podcast,https://www.perpetualchesspod.com,"Video|Berita|Komunitas",Podcast tentang pemain, pelatih, buku, dan pengembangan catur.,Awesome Chess

Saint Louis Chess Club,https://saintlouischessclub.org,"Komunitas|Belajar|Turnamen",Klub catur dan pusat event yang juga memproduksi kuliah dan konten belajar.,Awesome Chess
World Chess Hall of Fame,https://worldchesshof.org,"Komunitas|Buku / Materi",Museum dan pusat sejarah catur di Saint Louis.,Awesome Chess
Chess House,https://www.chesshouse.com,"Tools|Buku / Materi",Toko perlengkapan dan buku catur.,Awesome Chess
House of Staunton,https://www.houseofstaunton.com,"Tools|Buku / Materi",Toko set catur, papan, jam, dan perlengkapan turnamen.,Awesome Chess
American Chess Equipment,https://www.amchesseq.com,"Tools",Pemasok perlengkapan catur turnamen.,Awesome Chess
DGT,https://www.digitalgametechnology.com,"Tools",Produsen jam catur dan papan elektronik untuk permainan dan event.,Awesome Chess
ChessUp,https://playchessup.com,"Tools|Belajar",Papan catur elektronik interaktif dengan bantuan belajar.,Awesome Chess
Chessnut,https://www.chessnutech.com,"Tools|Bermain Online",Produsen papan catur elektronik untuk permainan online.,Awesome Chess
Computer Chess,https://computerchess.com/us,"Tools|Bot / AI",Situs produk chess computer dari Millennium.,Awesome Chess
USCF Sales,https://www.uscfsales.com,"Tools|Buku / Materi",Toko resmi perlengkapan catur US Chess.,Awesome Chess
Official Staunton,https://www.officialstaunton.com,"Tools",Produsen set catur gaya Staunton dan koleksi.,Awesome Chess
Chess Bazaar,https://www.chessbazaar.com,"Tools",Toko online set, papan, jam, dan perlengkapan catur.,Curated
Wholesale Chess,https://www.wholesalechess.com,"Tools",Pemasok perlengkapan catur untuk pemain dan klub.,Curated
Regency Chess,https://www.regencychess.co.uk,"Tools|Buku / Materi",Toko perlengkapan dan set catur di Inggris.,Curated
Chess Baron,https://www.chessbaron.com,"Tools",Toko perlengkapan catur dan set handmade.,Curated
Chess Central,https://www.chesscentral.com,"Tools|Buku / Materi",Toko buku, perangkat, dan perlengkapan catur.,Curated
Chess.co.uk,https://www.chess.co.uk,"Tools|Buku / Materi",Toko dan sumber daya catur berbasis Inggris.,Curated
Chess Shop EU,https://www.chessshop.eu,"Tools",Toko perlengkapan dan aksesori catur di Eropa.,Curated
The Chess Store,https://www.thechessstore.com,"Tools|Buku / Materi",Toko set catur, papan, jam, dan hadiah catur.,Curated
Best Chess Set,https://www.bestchessset.com,"Tools",Toko dan panduan set catur serta papan.,Curated
Chess MegaStore,https://www.chessmegastore.com,"Tools",Toko perlengkapan dan set catur.,Curated

2700chess,https://2700chess.com,"Database|Berita|Turnamen",Pelacak rating top player dan kalender turnamen.,Awesome Chess
Chessmetrics,https://www.chessmetrics.com,"Database|Buku / Materi",Sistem rating historis berbasis game dan data pemain.,Awesome Chess

YACPDB,https://www.yacpdb.org,"Database|Puzzle|Buku / Materi",Database besar komposisi masalah catur dan studi.,Awesome Chess
ARVES,https://www.arves.org,"Database|Puzzle|Komunitas",Asosiasi dan sumber daya studi endgame catur.,Awesome Chess
SuperProblem,https://superproblem.ru/index-en.html,"Puzzle|Berita|Komunitas",Majalah dan situs problem chess dengan kompetisi komposisi.,Awesome Chess
Meson Chess Problem Database,http://www.bstephen.me.uk/meson/,"Database|Puzzle",Arsip searchable untuk masalah catur dan studi.,Awesome Chess
WFCC,https://www.wfcc.ch,"Komunitas|Turnamen|Puzzle",Federasi dunia untuk chess composition.,Awesome Chess
Chess Composers,https://chesscomposers.blogspot.com,"Buku / Materi|Komunitas",Blog biografi dan sejarah komposer problem chess.,Awesome Chess
Chess History,https://www.chesshistory.com/winter/,"Buku / Materi|Berita",Arsip tulisan dan catatan sejarah catur oleh Edward Winter.,Awesome Chess
Handbook FIDE,https://handbook.fide.com,"Buku / Materi",Handbook resmi FIDE termasuk hukum permainan catur.,Awesome Chess
FIDE Arbiters,https://arbiters.fide.com,"Buku / Materi|Turnamen",Sumber daya dan materi untuk arbiter catur.,Awesome Chess
Wikipedia Chess Portal,https://en.wikipedia.org/wiki/Portal:Chess,"Buku / Materi|Berita",Portal Wikipedia untuk artikel, sejarah, pemain, dan topik catur.,Awesome Chess
Liquipedia Chess,https://liquipedia.net/chess/,"Berita|Turnamen|Database",Ensiklopedia kompetitif untuk event dan kompetisi catur online.,Awesome Chess

Stockfish GitHub,https://github.com/official-stockfish/Stockfish,"Bot / AI|Tools",Repositori sumber kode engine Stockfish.,Awesome Chess
LCZero GitHub,https://github.com/LeelaChessZero/lc0,"Bot / AI|Tools",Repositori mesin neural-network Leela Chess Zero.,Awesome Chess
python-chess GitHub,https://github.com/niklasf/python-chess,"Tools",Repositori library Python untuk aturan catur dan PGN.,Awesome Chess
chess-web-api GitHub,https://github.com/andyruwruw/chess-web-api,"Tools",Library untuk mengakses Published Data API Chess.com.,Awesome Chess
berserk GitHub,https://github.com/lichess-org/berserk,"Tools",Klien Python resmi untuk Lichess API.,Awesome Chess
Shakmaty,https://github.com/niklasf/shakmaty,"Tools",Library Rust untuk legal move generation dan varian.,Awesome Chess
chess-library,https://github.com/Disservin/chess-library,"Tools",Library C++ modern untuk generate langkah legal dan perft.,Awesome Chess
Scalachess,https://github.com/lichess-org/scalachess,"Tools",Library Scala yang digunakan untuk aturan catur Lichess.,Awesome Chess
chesskit-swift,https://github.com/chesskit-app/chesskit-swift,"Tools",Library Swift untuk aturan dan komunikasi engine catur.,Awesome Chess
lichess-bot,https://github.com/lichess-bot-devs/lichess-bot,"Tools|Bot / AI",Jembatan Python antara bot Lichess dan engine UCI/XBoard.,Awesome Chess

Alaska Chess Federation,https://alaskachessfederation.org,"Turnamen|Komunitas",Afiliasi US Chess untuk komunitas dan turnamen Alaska.,State federation directory
Alabama Chess Federation,https://alabamachess.org,"Turnamen|Komunitas",Afiliasi US Chess untuk komunitas dan turnamen Alabama.,State federation directory
Arkansas Chess Association,https://arkansaschess.net,"Turnamen|Komunitas",Situs afiliasi catur Arkansas yang menjadi referensi organisasi dan event.,State federation directory
CalChess,https://calchess.org,"Turnamen|Komunitas",Afiliasi US Chess untuk wilayah Northern California.,State federation directory
Southern California Chess Federation,https://scchess.com,"Turnamen|Komunitas",Afiliasi US Chess untuk wilayah Southern California.,State federation directory
Colorado State Chess Association,https://coloradochess.com,"Turnamen|Komunitas",Afiliasi catur Colorado untuk turnamen dan kegiatan pemain.,State federation directory
Connecticut State Chess Association,https://www.chessct.org,"Turnamen|Komunitas",Afiliasi catur Connecticut dengan event dan informasi komunitas.,State federation directory
DC Chess Association,https://dcchessassociation.org,"Turnamen|Komunitas",Afiliasi US Chess untuk Washington DC.,State federation directory
Delaware Chess Association,https://delawarechessassociation.org,"Turnamen|Komunitas",Afiliasi catur Delaware untuk event dan kegiatan pemain.,State federation directory
Florida Chess Association,https://floridachess.org,"Turnamen|Komunitas",Afiliasi catur Florida dengan turnamen dan informasi komunitas.,State federation directory
Georgia Chess Association,https://georgiachess.org,"Turnamen|Komunitas",Afiliasi catur Georgia dengan event dan kegiatan pemain.,State federation directory
Hawaii Chess Federation,https://www.hawaiichess.com,"Turnamen|Komunitas",Afiliasi catur Hawaii dengan informasi turnamen dan komunitas.,State federation directory
Iowa State Chess Association,https://www.iowa-chess.org,"Turnamen|Komunitas",Afiliasi catur Iowa untuk event dan kegiatan pemain.,State federation directory
Idaho Chess Association,https://idahochessassociation.com,"Turnamen|Komunitas",Afiliasi US Chess resmi untuk Idaho.,State federation directory
Illinois Chess Association,https://il-chess.org,"Turnamen|Komunitas",Afiliasi catur Illinois dengan event dan informasi pemain.,State federation directory
Indiana State Chess Association,https://indianachess.clubexpress.com,"Turnamen|Komunitas",Afiliasi catur Indiana dengan informasi organisasi dan event.,State federation directory
Kansas Chess Association,https://kansaschess.org,"Turnamen|Komunitas",Afiliasi catur Kansas untuk turnamen dan komunitas.,State federation directory
Kentucky Chess Association,https://kychess.org,"Turnamen|Komunitas",Afiliasi catur Kentucky untuk event dan organisasi.,State federation directory
Louisiana Chess,https://sites.google.com/site/louisianachess,"Turnamen|Komunitas",Sumber informasi organisasi catur Louisiana.,State federation directory
Massachusetts Chess Association,http://www.masschess.org,"Turnamen|Komunitas",Afiliasi catur Massachusetts dengan kalender dan informasi pemain.,State federation directory
Maryland Chess Association,https://mdchess.com,"Turnamen|Komunitas",Afiliasi catur Maryland untuk turnamen dan komunitas.,State federation directory
Maine Chess Association,https://chessmaine.org,"Turnamen|Komunitas",Afiliasi catur Maine dengan event dan komunitas pemain.,State federation directory
Michigan Chess Association,https://www.michess.org,"Turnamen|Komunitas",Afiliasi catur Michigan untuk kejuaraan dan event.,State federation directory
Minnesota State Chess Association,https://www.minnesotachess.com,"Turnamen|Komunitas",Afiliasi catur Minnesota dengan informasi organisasi dan turnamen.,State federation directory
Missouri Chess Association,https://mochess.org,"Turnamen|Komunitas",Afiliasi catur Missouri dengan event dan informasi pemain.,State federation directory
Mississippi Chess Association,https://mcachess.org,"Turnamen|Komunitas",Afiliasi catur Mississippi untuk komunitas dan kegiatan.,State federation directory
Montana Chess Association,https://montanachess.org,"Turnamen|Komunitas",Afiliasi catur Montana dengan informasi event.,State federation directory
North Carolina Chess Association,https://ncchess.org,"Turnamen|Komunitas",Afiliasi catur North Carolina dengan turnamen dan komunitas.,State federation directory
North Dakota Chess Association,https://ndchess.com,"Turnamen|Komunitas",Afiliasi catur North Dakota dengan informasi organisasi.,State federation directory
Nebraska State Chess Association,https://nebraskachess.com,"Turnamen|Komunitas",Afiliasi catur Nebraska dengan event dan komunitas.,State federation directory
New Hampshire Chess Association,https://nhchess.org,"Turnamen|Komunitas",Afiliasi catur New Hampshire untuk turnamen dan pemain.,State federation directory
New Jersey State Chess Federation,https://njscf.org,"Turnamen|Komunitas",Afiliasi catur New Jersey dengan turnamen dan informasi anggota.,State federation directory
New Mexico Chess Organization,https://www.newmexicochess.org,"Turnamen|Komunitas",Organisasi catur New Mexico dengan event dan komunitas.,State federation directory
Silver State Chess Association,https://silverstatechess.org,"Turnamen|Komunitas",Afiliasi catur Nevada saat ini dengan informasi event dan organisasi.,State federation directory
New York State Chess Association,https://nysca.net,"Turnamen|Komunitas",Afiliasi catur New York dengan turnamen dan kegiatan pemain.,State federation directory
Ohio Chess Association,https://ohchess.org,"Turnamen|Komunitas",Afiliasi catur Ohio dengan kalender dan kegiatan komunitas.,State federation directory
Oklahoma Chess Association,https://oklahomachess.org,"Turnamen|Komunitas",Afiliasi catur Oklahoma dengan informasi turnamen.,State federation directory
Oregon Chess Federation,https://oregonchessfed.org,"Turnamen|Komunitas",Afiliasi catur Oregon untuk kejuaraan dan event.,State federation directory
Pennsylvania State Chess Federation,https://pscfchess.org,"Turnamen|Komunitas",Afiliasi catur Pennsylvania dengan informasi kompetisi.,State federation directory
Ocean State Chess Association,https://oceanstatechess.com,"Turnamen|Komunitas",Afiliasi catur Rhode Island untuk event dan komunitas.,State federation directory
South Carolina Chess Association,https://scchess.org,"Turnamen|Komunitas",Afiliasi catur South Carolina dengan turnamen dan kegiatan pemain.,State federation directory
South Dakota Chess Association,https://sdchess.org,"Turnamen|Komunitas",Afiliasi catur South Dakota dengan informasi event.,State federation directory
Tennessee Chess Association,https://tnchess.us,"Turnamen|Komunitas",Afiliasi catur Tennessee untuk turnamen dan komunitas.,State federation directory
Texas Chess Association,https://texaschess.org,"Turnamen|Komunitas",Afiliasi catur Texas dengan turnamen dan organisasi pemain.,State federation directory
Utah Chess Association,https://utahchess.com,"Turnamen|Komunitas",Afiliasi catur Utah dengan event dan informasi pemain.,State federation directory
Virginia Chess Federation,https://vachess.org,"Turnamen|Komunitas",Afiliasi catur Virginia dengan turnamen dan komunitas.,State federation directory
Vermont Scholastic Chess,https://vermontchess.org,"Turnamen|Komunitas|Belajar",Afiliasi catur Vermont dengan fokus scholastic dan turnamen.,State federation directory
Washington Chess Federation,https://wachess.com,"Turnamen|Komunitas",Afiliasi catur Washington dengan turnamen dan kegiatan.,State federation directory
Wisconsin Chess Association,https://wischess.org,"Turnamen|Komunitas",Afiliasi catur Wisconsin dengan event dan komunitas.,State federation directory
West Virginia Chess Association,https://wvchess.org,"Turnamen|Komunitas",Afiliasi catur West Virginia dengan informasi organisasi dan event.,State federation directory

Marshall Chess Club,https://www.marshallchessclub.org,"Komunitas|Turnamen|Belajar",Klub catur bersejarah di New York dengan turnamen dan kegiatan komunitas.,Curated
Mechanics' Institute Chess Club,https://www.milibrary.org/chess,"Komunitas|Turnamen|Belajar",Klub catur Mechanics Institute di San Francisco dengan turnamen dan program.,Curated
Berkeley Chess School,https://berkeleychessschool.org,"Belajar|Komunitas",Sekolah catur untuk anak dan pelajar di kawasan Berkeley.,Curated
Chess Center NYC,https://www.chesscenter.net,"Komunitas|Belajar|Turnamen",Pusat pembelajaran dan kegiatan catur di New York.,Curated
Chess Club Live,https://www.chessclub.com,"Komunitas|Bermain Online",Komunitas dan server catur online berlangganan.,Curated
US Chess College Chess,https://new.uschess.org/college-chess-information,"Turnamen|Komunitas",Sumber informasi kompetisi catur perguruan tinggi di Amerika Serikat.,Awesome Chess
UT Dallas Chess,https://chess.utdallas.edu,"Komunitas|Turnamen|Belajar",Program catur universitas dan informasi tim UT Dallas.,Awesome Chess
Webster University SPICE,https://www.webster.edu/spice/,"Belajar|Komunitas|Turnamen",Program catur universitas dan kegiatan Susan Polgar Institute.,Awesome Chess
Saint Louis University Chess,https://www.slu.edu/life-at-slu/chess-team/,"Komunitas|Turnamen|Belajar",Informasi tim catur Saint Louis University.,Awesome Chess

Chess.com Forums,https://www.chess.com/forum,"Komunitas",Forum diskusi resmi komunitas Chess.com.,Awesome Chess
Lichess Forum,https://lichess.org/forum,"Komunitas",Forum resmi Lichess untuk diskusi, bantuan, dan umpan balik.,Awesome Chess
Reddit Chess,https://www.reddit.com/r/chess/,"Komunitas|Berita",Komunitas Reddit utama untuk berita dan diskusi catur.,Awesome Chess
Reddit Chess Beginners,https://www.reddit.com/r/chessbeginners/,"Komunitas|Belajar",Komunitas Reddit untuk pemain yang baru belajar dan improvement.,Awesome Chess
Reddit Chess Puzzles,https://www.reddit.com/r/chesspuzzles/,"Komunitas|Puzzle",Komunitas berbagi puzzle, studies, dan masalah catur.,Awesome Chess
Reddit AnarchyChess,https://www.reddit.com/r/AnarchyChess/,"Komunitas",Komunitas hiburan dan meme yang bertema catur.,Awesome Chess

Twitch Chess,https://www.twitch.tv/chess,"Video|Turnamen",Saluran Twitch resmi untuk event dan program catur.,Awesome Chess
Twitch GMHikaru,https://www.twitch.tv/gmhikaru,"Video|Bermain Online",Saluran streaming catur Hikaru Nakamura.,Awesome Chess
Twitch BotezLive,https://www.twitch.tv/botezlive,"Video|Komunitas",Saluran streaming Botez bersaudari dengan konten catur dan komunitas.,Awesome Chess
Twitch GothamChess,https://www.twitch.tv/gothamchess,"Video|Belajar",Saluran streaming GothamChess untuk permainan dan pembahasan catur.,Awesome Chess
Twitch Eric Rosen,https://www.twitch.tv/imrosen,"Video|Belajar",Saluran streaming Eric Rosen dengan sesi pengajaran dan permainan.,Awesome Chess
Twitch Anna Cramling,https://www.twitch.tv/anna_chess,"Video|Komunitas",Saluran streaming Anna Cramling untuk game dan event.,Awesome Chess

GothamChess YouTube,https://www.youtube.com/@GothamChess,"Video|Belajar|Berita",Kanal video tentang pelajaran, review, dan berita catur.,Awesome Chess
GM Hikaru YouTube,https://www.youtube.com/@GMHikaru,"Video|Analisis",Kanal Hikaru untuk analisis, speedrun, dan event catur.,Awesome Chess
agadmator,https://www.youtube.com/@agadmator,"Video|Buku / Materi",Kanal yang membahas game klasik dan kontemporer.,Awesome Chess
Daniel Naroditsky,https://www.youtube.com/@DanielNaroditskyGM,"Video|Belajar|Analisis",Arsip video speedrun dan materi pengajaran catur.,Awesome Chess
Eric Rosen,https://www.youtube.com/@EricRosen,"Video|Belajar",Video pengajaran, opening traps, dan speedrun.,Awesome Chess
ChessNetwork,https://www.youtube.com/@ChessNetwork,"Video|Analisis|Belajar",Kanal analisis game dan komentar catur.,Awesome Chess
John Bartholomew,https://www.youtube.com/@JohnBartholomewChess,"Video|Belajar",Kanal pengembangan rating dan pengajaran catur.,Awesome Chess
Saint Louis Chess Club YouTube,https://www.youtube.com/@STLChessClub,"Video|Belajar|Turnamen",Kuliah grandmaster dan liputan kejuaraan.,Awesome Chess
ChessBase India YouTube,https://www.youtube.com/@ChessBaseIndiachannel,"Video|Berita|Turnamen",Kanal liputan event dan wawancara catur India.,Awesome Chess
Ben Finegold,https://www.youtube.com/@GMBenjaminFinegold,"Video|Belajar",Kuliah dan tanya jawab catur dari Ben Finegold.,Awesome Chess
Anna Cramling YouTube,https://www.youtube.com/@AnnaCramling,"Video|Komunitas",Vlog perjalanan, permainan, dan turnamen catur.,Awesome Chess
PowerPlayChess,https://www.youtube.com/@PowerPlayChess,"Video|Analisis",Analisis game elite dan event FIDE oleh Daniel King.,Awesome Chess
ChessCoach Andras,https://www.youtube.com/@ChessCoachAndras,"Video|Belajar",Pelajaran improvement untuk pemain klub dan improver.,Awesome Chess
ChessVibes,https://www.youtube.com/@ChessVibesOfficial,"Video|Belajar",Video pengembangan praktis, opening, dan strategi.,Awesome Chess
Hanging Pawns,https://www.youtube.com/@HangingPawns,"Video|Belajar",Seri opening, strategi, dan perjalanan rating.,Awesome Chess
Chessbrah,https://www.youtube.com/chessbrah,"Video|Komunitas|Bermain Online",Kanal catur dengan seri Building Habits dan speedrun.,Awesome Chess
Anna Rudolf,https://www.youtube.com/@annarudolfchess,"Video|Analisis|Berita",Analisis, vlog, dan komentar event catur.,Awesome Chess
Tania Sachdev,https://www.youtube.com/@TaniaSachdevChess,"Video|Berita|Turnamen",Komentar dan liputan event catur internasional.,Awesome Chess
Anish Giri,https://www.youtube.com/@AnishGiriOfficial,"Video|Analisis|Belajar",Materi opening dan komentar turnamen dari Anish Giri.,Awesome Chess
Jan Gustafsson,https://www.youtube.com/@JanistanTV,"Video|Belajar",Materi opening dan kelas analisis catur.,Awesome Chess
Chessexplained,https://www.youtube.com/@Chessexplained,"Video|Belajar|Analisis",Analisis opening dan materi improvement.,Awesome Chess
Kingscrusher,https://www.youtube.com/@kingscrusher,"Video|Analisis",Analisis game klasik, engine, dan Leela Chess Zero.,Awesome Chess
Blitzstream,https://www.youtube.com/@Blitzstream,"Video|Berita|Bermain Online",Kanal berbahasa Prancis tentang blitz dan event catur.,Awesome Chess
Julien Song,https://www.youtube.com/@JulienSong,"Video|Belajar|Berita",Konten catur berbahasa Prancis tentang event dan improvement.,Awesome Chess
The Big Greek,https://www.youtube.com/@TheBigGreek,"Video|Belajar|Berita",Konten catur berbahasa Jerman tentang improvement dan event.,Awesome Chess
Rey Enigma,https://www.youtube.com/@ReyEnigma,"Video|Komunitas|Berita",Video tantangan catur jalanan dan permainan melawan publik.,Awesome Chess
Samay Raina Chess,https://www.youtube.com/@samayrainachess,"Video|Komunitas|Turnamen",Konten hiburan, event, dan komunitas catur India.,Awesome Chess

FIDE Calendar,https://calendar.fide.com,"Turnamen|Database",Kalender resmi event catur FIDE.,FIDE directory
Chessdom Calendar,https://calendar.chessdom.com,"Turnamen|Berita",Kalender turnamen catur dari Chessdom.,Awesome Chess
Lichess Broadcasts,https://lichess.org/broadcast,"Turnamen|Bermain Online",Siaran langsung event catur dengan papan interaktif.,Awesome Chess
FIDE News,https://www.fide.com/news,"Berita|Turnamen",Berita resmi federasi catur internasional.,FIDE
Chess.com News,https://www.chess.com/news,"Berita|Turnamen",Berita dan laporan event dari Chess.com.,Awesome Chess
New In Chess Magazine,https://www.newinchess.com/magazine,"Berita|Buku / Materi",Majalah catur internasional dengan berita dan artikel.,Awesome Chess
FIDE Handbook,https://handbook.fide.com/chapter/E012023,"Buku / Materi",Bagian Handbook FIDE yang memuat Laws of Chess.,Awesome Chess
FIDE Arbiters Manual,https://arbiters.fide.com/wp-content/uploads/Publications/Manual/Arbiters_Manual_2025.pdf,"Buku / Materi|Turnamen",Manual referensi untuk arbiter catur.,Awesome Chess
PGN Specification,https://www.thechessdrum.net/PGN_Reference.txt,"Buku / Materi|Tools",Referensi Portable Game Notation untuk data permainan catur.,Awesome Chess
UCI Protocol,https://backscattering.de/chess/uci/,"Buku / Materi|Tools",Spesifikasi Universal Chess Interface untuk komunikasi engine.,Awesome Chess
pgn-extract,https://www.cs.kent.ac.uk/people/staff/djb/pgn-extract/,"Tools|Database",Perangkat untuk memfilter, mengonversi, dan memperbaiki file PGN.,Awesome Chess

